User Name,First Name,Last Name,Email,User Details,Password,Is Password Encrypted(True/False),Enable User(Yes/No),Change Password on Next Login(Yes/No),User Identity Groups,Enable Password,Is Enable Password Encrypted(True/False),Password ID Store,Expiry Date(MM/dd/yyyy)
labadmin,,,,,YGMOLBaafDHitqS69PbSZw==,True,Yes,No,Employee::ALL_ACCOUNTS (default),,False,Internal Users,
pod10user,Pod10,User,,,/tSKqYVYzGtoNS3WgpMMng==,True,Yes,No,Employee,,False,Internal Users,
pod1user,Pod1,User,,,/tSKqYVYzGtoNS3WgpMMng==,True,Yes,No,Employee,,False,Internal Users,
pod2user,Pod2,User,,,/tSKqYVYzGtoNS3WgpMMng==,True,Yes,No,Employee,,False,Internal Users,
pod3user,Pod3,User,,,/tSKqYVYzGtoNS3WgpMMng==,True,Yes,No,Employee,,False,Internal Users,
pod4user,Pod4,User,,,/tSKqYVYzGtoNS3WgpMMng==,True,Yes,No,Employee,,False,Internal Users,
pod5user,Pod5,User,,,/tSKqYVYzGtoNS3WgpMMng==,True,Yes,No,Employee,,False,Internal Users,
pod6user,Pod6,User,,,/tSKqYVYzGtoNS3WgpMMng==,True,Yes,No,Employee,,False,Internal Users,
pod7user,Pod7,User,,,/tSKqYVYzGtoNS3WgpMMng==,True,Yes,No,Employee,,False,Internal Users,
pod8user,Pod8,User,,,/tSKqYVYzGtoNS3WgpMMng==,True,Yes,No,Employee,,False,Internal Users,
pod9user,Pod9,User,,,/tSKqYVYzGtoNS3WgpMMng==,True,Yes,No,Employee,,False,Internal Users,
